-- phpMyAdmin SQL Dump
-- version 5.2.1-dev+20220813.c78c5e320b
-- https://www.phpmyadmin.net/
--
-- Host: localhost
-- Tempo de geração: 14/11/2022 às 00:18
-- Versão do servidor: 10.4.24-MariaDB
-- Versão do PHP: 8.1.4

SET SQL_MODE = "NO_AUTO_VALUE_ON_ZERO";
START TRANSACTION;
SET time_zone = "+00:00";


/*!40101 SET @OLD_CHARACTER_SET_CLIENT=@@CHARACTER_SET_CLIENT */;
/*!40101 SET @OLD_CHARACTER_SET_RESULTS=@@CHARACTER_SET_RESULTS */;
/*!40101 SET @OLD_COLLATION_CONNECTION=@@COLLATION_CONNECTION */;
/*!40101 SET NAMES utf8mb4 */;

--
-- Banco de dados: `bd_ferramanta_ov`
--

-- --------------------------------------------------------

--
-- Estrutura para tabela `tb_analysis_text`
--

CREATE TABLE `tb_analysis_text` (
  `id_analysys_text` int(4) NOT NULL,
  `id_user` int(4) NOT NULL,
  `user_api` varchar(255) NOT NULL,
  `agreeableness_level` varchar(60) NOT NULL,
  `conscientiousness_level` varchar(60) NOT NULL,
  `emotional_stability_level` varchar(60) NOT NULL,
  `extraversion_level` varchar(60) NOT NULL,
  `openness_level` varchar(60) NOT NULL,
  `agreeableness_score` float(6,2) NOT NULL,
  `conscientiousness_score` float(6,2) NOT NULL,
  `emotional_stability_score` float(6,2) NOT NULL,
  `extraversion_score` float(6,2) NOT NULL,
  `openness_score` float(6,2) NOT NULL,
  `about_me` varchar(3500) NOT NULL
) ENGINE=InnoDB DEFAULT CHARSET=utf8mb4;

--
-- Despejando dados para a tabela `tb_analysis_text`
--

INSERT INTO `tb_analysis_text` (`id_analysys_text`, `id_user`, `user_api`, `agreeableness_level`, `conscientiousness_level`, `emotional_stability_level`, `extraversion_level`, `openness_level`, `agreeableness_score`, `conscientiousness_score`, `emotional_stability_score`, `extraversion_score`, `openness_score`, `about_me`) VALUES
(22, 11, 'd3c5883116614133feb0', ' Somewhat Agreeable', 'Conscientious', 'Somewhat Balanced', 'Extroverted', 'Open', 4.84, 6.51, 6.54, 7.49, 6.58, 'Meu nome é Bianca, tenho 25 anos e nasci em Curitiba. Atualmente, vivo com os meus pais, mas busco a minha independência.  A minha paixão me levou a criar o meu próprio blog aos 15 anos. Gerindo a minha própria página, tive um duro choque de realidade. Gerar tráfego foi muito mais difícil do que eu imaginava, mas tive perseverança, disciplina e determinação para encarar este problema de frente. O meu sonho é ter a oportunidade de trabalhar em uma redação digital de jornalismo esportivo, para combinar a minhas duas maiores paixões: comunicação e esportes. Sei que é mais fácil falar do que fazer, mas se não eu não sonhar, então a minha vida não terá um objetivo. Para conseguir o meu objetivo, pretendo continuar usando o meu blog para exercitar as minhas habilidades, mas ele também me ajudou a perceber certas elementos da minha personalidade que também preciso mudar.Principalmente ao realizar entrevistas, eu percebo que fico um pouco nervoso e nisso acabo não desenvolvendo todo o meu potencial. Com o objetivo de encarar este problema de frente, eu estou focando mais em conteúdo de entrevistas para o meu blog, pois acredito que a prática leva à perfeição, então praticarei ao máximo. Espero que o meu desenvolvimento técnico e pessoal seja notado por uma redação de jornalismo esportivo para que eu possa colocar em prática o que eu aprendi como jornalista e como pessoa.'),
(23, 12, '5614b7d5747301d583d6', ' Disagreeable', 'Conscientious', 'Balanced', 'Somewhat Introverted', 'Open', 2.49, 6.93, 7.65, 5.00, 7.84, 'O Ricardo é um jovem de 25 anos que quer aprender a tocar violão como hobby. Ele tem interesse por música, assim como novas bandas e estilos musicais do momento. O principal motivo pelo qual busca uma escola de música é acalmar a agitação e estresse do dia a dia. Essa persona é fascinada por metodologias ágeis de aprendizagem.Ricardo tem 25 anos, mora em Florianópolis (SC) e trabalha na área de marketing de uma empresa de tecnologia;Seu principal objetivo é aprender a tocar violão para reduzir seu estresse fazendo algo que realmente gosta;Ele já tentou aprender sozinho mas não conseguiu, tem dificuldade de aprender com metodologias tradicionais e quer aprender rápido, pois se não alcançar resultados no curto prazo continuará estressado;Como é jovem e está há pouco tempo na sua empresa, possui um orçamento limitado para investir na escola, preferindo pagar um plano mensal, pois é inseguro com relação ao método de aprendizagem;Seu instrumento é o violão, mas também tem interesse em guitarra. Seu gênero preferido é blues, gostando também de rock clássico e jazz.'),
(24, 13, 'e79878440f35e488e3d7', ' Disagreeable', 'Very Conscientious', 'Balanced', 'Somewhat Introverted', 'Open', 2.74, 8.36, 7.92, 4.83, 7.67, 'O Gustavo está cursando o terceiro ano do ensino médio, preparando-se para o vestibular. Ele ainda tem dúvidas sobre o curso ideal para a carreira que deseja seguir e, dentro dessas variáveis, qual a melhor opção para ele, analisando a concorrência local, regional ou nacional.Gustavo mora em Belo Horizonte (MG), tem 17 anos e atualmente cursa o terceiro ano do ensino médio;Seu principal objetivo é validar a carreira que deseja seguir e escolher o curso de graduação que mais se adapta à sua realidade;Ele está procurando uma Instituição de Ensino Superior (faculdade ou universidade);Está com dificuldades em validar sua orientação vocacional;Também possui dificuldade no entendimento de qual currículo, conteúdo programático e método de ensino se adequa melhor ao seu perfil e interesse;Ele possui condição de investir até R$ 1.000 por mês no curso de graduação e são seus pais que assumirão o investimento;Seus cursos de interesse no momento são administração e economia — seus pais possuem uma empresa familiar, convivendo com métodos de gestão no dia a dia, e por isso ele acredita ter perfil para esses cursos.'),
(25, 14, 'dfc245aaed849d55fbd9', ' Somewhat Agreeable', 'Easygoing', 'Very Sensitive', 'Very Extroverted', 'Closed', 5.53, 3.18, 3.51, 9.84, 3.88, 'Extrovertida sim e muito, desconfiada e orgulhosa por autodefesa. Sonhadora e alegre por natureza. Melancólica por tendência. Contraditória e indecisa muitas vezes. Persistente no que anseio. Teimosa no que penso. Prisioneira de minha própria ânsia de liberdade! Sou honesta, justa e responsável. Mais do que beleza, prezo a essência, o bom humor e os princípios. Choro do nada e sorrio sem motivos. Mas gosto quando desabafo em lágrimas, me sinto forte, corajosa. Ao contrário do que todos pensam, que a lágrima é sinal de fraqueza. Ruim é jogarmos a raiva, a tristeza nos outros; brigando, gritando e machucando. Como todo ser humano, tenho meus momentos de crises, de descontrole emocional, mas nada que me faça perder a cabeça. Por eu ser uma pessoa extremamente extrovertida, quando fico séria, todos acham que estou triste. As vezes pode até ser verdade, mas as vezes a minha risada está mais pedindo socorro do que meu silêncio. Sou diversas vezes mal compreendida. Todos nós temos problemas mesmo. Quando estou a ajudar alguém, sempre me envolvo, não consigo ficar de longe. Me coloco no lugar do outro para entender suas ações e tentar justificar as atitudes. Não deixo nada nem ninguém passar por cima de mim. Sou a pessoa mais legal do mundo, mas só com quem merece. Se você não merece, eu posso ser a pessoa que você não vai querer nunca ver na frente. Afinal, cada um tem a Débora que merece. Tenho meus momentos off, momentos aquele que não quero ver ninguém. E esse momento me torna uma pessoa super chata.'),
(26, 15, '0ef29742f47d2f682b31', ' Disagreeable', 'Very Conscientious', 'Very Balanced', 'Extroverted', 'Very Open', 2.62, 9.80, 9.91, 6.01, 9.55, 'Samuel é um estudante do ensino médio de 16 anos que está embarcando em sua busca pela faculdade. Suas atividades diárias estão focadas em trabalhos escolares, atividades extracurriculares, passar tempo com amigos e familiares e encontrar o programa de graduação certo para se inscrever e, finalmente, se matricular. Suas principais preocupações giram em torno de financiar sua educação, a localização da instituição , e encontrar um programa dentro de sua área de estudo desejada que atenda às suas necessidades. Ele provavelmente busca informações em recursos da escola, como seu orientador, bem como em feiras universitárias, mídias sociais e sua própria pesquisa online.'),
(27, 16, 'f02431b92ff311b6c2a7', ' Disagreeable', 'Very Conscientious', 'Very Balanced', 'Somewhat Introverted', 'Very Open', 3.05, 9.80, 9.80, 4.35, 9.68, 'Thais começou a trabalhar para obter seu diploma de bacharel em uma universidade local. O programa em que ela está atualmente matriculada não é mais adequado e ela está procurando se transferir para uma faculdade ou universidade mais adequada às suas necessidades. Suas principais preocupações estão focadas em transferir seus créditos universitários existentes para uma nova instituição e permanecer no caminho certo. Como uma estudante transferida à procura de uma nova universidade, é mais provável que ela se apoie em pesquisas on-line independentes e recomendações de familiares e amigos do que participar de um evento como uma feira universitária.'),
(28, 17, 'a6b7557c630cfe812237', ' Disagreeable', 'Conscientious', 'Very Balanced', 'Somewhat Introverted', 'Open', 2.24, 6.70, 8.59, 4.53, 7.59, 'Kathia é uma mulher de quase 30 anos que passou os últimos anos trabalhando em uma função administrativa em uma unidade de saúde. Recentemente, seu trabalho a deixou insatisfeita e ela quer fazer uma mudança. Ela agora quer se tornar enfermeira para fazer a diferença na vida de outras pessoas, e parte de sua jornada é encontrar um programa de graduação que lhe permita desenvolver as habilidades necessárias para isso.'),
(29, 18, 'ae872a3d7bc512374bf8', ' Agreeable', 'Very Conscientious', 'Very Balanced', 'Very Extroverted', 'Open', 7.01, 9.44, 9.61, 8.81, 7.40, 'Patrick é pai de dois filhos pequenos. Suas atividades diárias giram em torno de cuidar de seus filhos e sustentar sua família, o que despertou seu desejo de avançar em sua educação e, finalmente, em sua carreira. Uma de suas principais preocupações é encontrar um programa que lhe ofereça opções flexíveis de aprendizado para que possa encontrar um equilíbrio entre trabalho, família e escola. Além da pesquisa on-line, ele provavelmente procurará conselhos de familiares, amigos e colegas que passaram com sucesso por uma transição semelhante.'),
(30, 19, '10ab6509e112c6521ffa', ' Very Disagreeable', 'Very Conscientious', 'Very Balanced', 'Very Introverted', 'Very Open', 1.97, 9.35, 8.71, 1.41, 8.89, 'Mario é um profissional que deseja desenvolver suas habilidades e se posicionar para o avanço na carreira. Ele tem experiência de trabalho no campo, mas sabe que precisará obter um diploma para continuar subindo na escada. Wes está procurando um programa flexível que lhe permita equilibrar escola e trabalho, como um com formatos de cursos híbridos ou online.'),
(31, 20, 'a05f5fbc04646adb8b29', ' Somewhat Agreeable', 'Conscientious', 'Somewhat Balanced', 'Extroverted', 'Somewhat Open', 5.26, 6.49, 5.47, 6.86, 6.14, 'Sou um bom aluno, que participa ativamente de todas as atividades, sejam exames ou atividades extracurriculares. As atividades extracurriculares como esportes, concursos de perguntas e respostas, concursos de redação e discurso etc. são o coração da minha instituição. Eu mesmo sou vencedor do concurso de redação em vários momentos.Verdadeiramente é dito, não se pode estudar apenas nos livros. Em vez disso, é preciso aprender com todas as atividades extracurriculares das quais participa. Eu mesmo sou o melhor redator de ensaios, jogador de críquete, cantor e dançarino e o melhor em todos os exames. O planejamento de carreira é a mesma coisa que irrita a si mesmo. Sem um bom planejamento de carreira, desde o início, não se pode ficar no caminho certo. A pessoa tem que fazer as coisas ou definir as metas de acordo com suas metas amplas de carreira.Um homem sem um bom planejamento de carreira é como um navio sem radar. Ele deriva e finalmente afunda no oceano profundo. Mas ao contrário do meu pai, que é médico, eu próprio sinto um pouco de interesse por esta profissão. Embora seja a melhor profissão, o interesse e a aptidão diferem. Eu mesmo quero ser um funcionário público para servir meu povo da melhor maneira possível.Estou muito inspirado pelo meu tio materno que é o chefe da força policial. Isso realmente me inspira, pois eu mesmo quero servir minha nação sendo um bom funcionário público. O futuro de alguém pode ser determinado pelo que alcançou hoje ou pelo que está fazendo hoje. Um homem que sonha apenas com o futuro e não faz nada para o amanhã pode ser chamado de preguiçoso e patético.Dessa forma, não gosto de ser chamado de homem sem visão e construtor de castelos no céu. Eu trabalho para o que eu sonho. Até agora, provei ser o melhor em todos os campos, como acadêmico, extracurricular e pessoal. Todo este sucesso, trabalho duro, dedicação, determinação é verdadeiramente creditado aos meus pais que tornaram isso possível para mim.Sucessos e fracassos estão intimamente associados às conquistas e perdas. Aquele que consegue alguma coisa hoje perdeu algo ontem. Não há homem completamente bem-sucedido sem a mistura de fracassos e sucessos. Ou seja, falhei uma dúzia de vezes. Mas, cada fracasso me fez mais forte ainda.Minha família, especialmente minha mãe, tem sido uma grande fonte de encorajamento e motivação para mim. É por isso que eu mesmo sou um sujeito verdadeiramente auto-inspirado, fortalecido e dedicado hoje. Aprendi muito com meus erros e com meus fracassos. Nunca considero meu fracasso uma maldição, mas uma oportunidade de melhorar e improvisar.O que eu mesmo considero a vida é um pote total de oportunidades. A pessoa tem que aproveitar suas habilidades e habilidades ao máximo de sua capacidade. Para cada problema há uma solução. Considero a vida como um dom de bênção para a humanidade. Deve-se esforçar-se arduamente para melhorar não só a sua sorte, mas também os seus semelhantes.O serviço da humanidade é o melhor de todos os serviços. O que aprendi com minha experiência e lutas é que nunca se deve deixar de trabalhar duro, ser confiante, positivo e adotável a todas as situações. O maior sucesso é que se torna invencível. Só assim, pode-se enfrentar a vida com pleno vigor e confiança.'),
(32, 21, '81e908e82ff4c4124aea', ' Very Agreeable', 'Conscientious', 'Balanced', 'Very Extroverted', 'Somewhat Open', 8.02, 7.80, 7.05, 9.80, 5.43, 'Vindo de uma família de classe média de São Bernardo, sou Cristiane Peres. Atualmente estou cursando o 9º ano. Sinto-me feliz por fazer parte desta grande escola com esses grandes amigos, professores prestativos e amorosos e a sólida administração da escola.Ninguém vem a este mundo no estágio em que estou agora, sem o apoio da família e dos amigos. Na verdade, o que sou hoje, é por causa da minha família. Meu pai é um homem de negócios respeitável em nossa comunidade. Minha mãe é médica. Ambos amam sua profissão. Isso eu aprendi com meus pais. Ou seja, o valor do tempo, sinceridade, trabalho duro e dedicação ao propósito.Somos três irmãos e irmãs. Sendo o mais velho, sou o mais responsável entre meus irmãos e irmãs. Eu sou responsável por orientar e cuidar de meus outros irmãos. Todos estudamos na mesma escola. Ler é minha paixão. Sou um ávido leitor de romances e livros de história. Tenho um grande interesse em história indiana e arquitetura clássica.Adoro ler livros que descrevem a rica história e civilização da Índia antiga. Além da história, adoro ler os romances de Shakespeare. Embora eu raramente esteja livre de meus trabalhos de rotina. Mas sempre que estou livre, adoro jogar ludo com meus amigos. Na verdade, fui o artilheiro deste jogo.Tenho um pouco de interesse em jogos online. Raramente uso meu computador pessoal e dispositivo móvel para jogos. Gosto de valorizar o meu tempo para o bem do meu futuro. Os amigos são os melhores espelhos de uma pessoa. Na verdade, o círculo de amigos que você escolheu para ficar define sua personalidade e prioridades. Tenho a sorte de ter os melhores amigos de sempre na minha empresa.Haresh é meu melhor amigo. Ele não é apenas meu melhor amigo, mas também meu colega de classe. Ele foi o artilheiro da minha classe. Ele é, de fato, uma pessoa gentil, gentil e sincera.Eu amo gerenciamento de tempo e disciplina na vida. Aprendi todos esses valores com meus pais. Meu pai é minha verdadeira inspiração. Ele me preparou como ele mesmo. Estou bastante inspirado por ele e esse tem sido o único objetivo da minha vida servir as pessoas desinteressadamente, como meu pai faz.O tempo é um bem precioso. Deve-se ter o mínimo de cuidado ao utilizar o tempo. Aprendi ao longo de todos os anos da minha vida, o bom valor do tempo e da disciplina. Eu amo ter a gestão do tempo, estratégia de som e objetivos claros na vida.Minha vida é cheia de experiências e realizações. Eu tenho sucesso muitas vezes e muitas vezes eu falhei também. Tudo isso realmente me ensinou a importância de me levantar novamente e atacar novamente. Eu continuo me atualizando para ser a melhor versão de mim mesmo. Embora ninguém possa ser descrito em alguns conjuntos de frases. É preciso ter o domínio de si mesmo antes de escrever algo sobre sua vida. Isso quer dizer que minha vida se tornou o que é, uma essência de todas as minhas conquistas e lutas'),
(33, 22, 'a8ddb1509b9a407f46e3', ' Agreeable', 'Very Conscientious', 'Balanced', 'Very Extroverted', 'Somewhat Open', 7.70, 8.53, 7.79, 9.80, 6.38, 'Morando no centro da cidade, Curitiba, sou Alex. Eu sou o aluno da classe 8. Minha escola fica a cerca de 10 minutos da minha casa. Eu tenho 2 irmãos que são mais velhos para mim e uma irmã mais nova. Minha irmã mais nova também estuda na mesma escola. Chegamos à escola no horário fixo pelo ônibus da nossa escola. É ótimo vir para a escola com seus amigos no ônibus escolar.Eu sou bom em estudos na minha classe. Todos os meus professores me conhecem pessoalmente. Sou pontual e dedicado. Não só faço minha lição de casa em tempo hábil, mas também ajudo meus outros colegas de classe em seus trabalhos escolares. Eu tenho sido o vencedor da posição na minha escola desde a classe 1. Tenho grande interesse em inglês e história. Durante meu horário de aula livre, sento na biblioteca da escola e leio meus livros favoritos lá.Nossa escola organiza regularmente eventos nacionais anuais. Eu participo de tablóides, dramas, discursos e concursos de redação. Sou bom em todas as atividades extracurriculares. Não só na escola, mas também me interesso pelos trabalhos em minha casa. Estou aprendendo a cozinhar e praticando ioga regularmente. Minha mãe me inspirou muito. Ela tem sido boa leitora de livros e sabe assistente social.Valorizo ​​o desenvolvimento pessoal e a ética humana. Sua personalidade e você mesmo é o que você fez para ser. O próprio eu está essencialmente ligado ao que se faz e pratica em sua vida. A honestidade, dedicação, sinceridade e humildade são as virtudes que se aprende na infância com a família, amigos e na escola. Uma boa família dá aos bons filhos. Ou seja, tenho orgulho dos meus pais por serem os melhores em sua conduta e lidar com todos. Estou verdadeiramente inspirado.A vida é para ser vivida com paixão e com a visão de fazer o bem ao próximo. Mantendo esse objetivo em mente, sempre aspirei a servir meu povo em qualquer capacidade que pudesse. Agradeço aos meus pais, amigos e professores por estarem ao meu lado em todas as etapas da vida. Eu sou realmente sortudo.'),
(34, 23, '3fd0b3cdaa42873b48ba', ' Very Agreeable', 'Very Conscientious', 'Somewhat Balanced', 'Very Extroverted', 'Somewhat Open', 8.43, 8.31, 6.74, 9.80, 5.32, 'Eu mesmo Kauane Boschen. Eu moro na colônia de cidadãos, Madras. Eu sou o aluno da classe 7 da escola pública. É uma das mais antigas e melhores escolas da minha cidade. Tenho dois irmãos mais velhos e uma irmã mais nova. Meu pai é funcionário do governo, enquanto minha mãe é médica. Todos vivemos felizes com nossos pais. Eu costumo ir a pé até minha escola que fica ao lado da minha casa.Chego à escola na hora exata. Eu participo da assembleia da escola. Durante as aulas dou total atenção aos meus estudos. Ou seja, sou um aluno confiante, atencioso e pontual. Faço meus trabalhos de casa pontualmente e ajudo meus colegas em suas tarefas. Também sou bom em atividades não acadêmicas, como escrever, dançar e praticar esportes. Durante o meu tempo livre na escola, prefiro estudar livros na biblioteca da escolaAlém das atividades escolares, ajudo minha mãe em minha casa. Estou aprendendo a cozinhar. Meu pai sempre me elogia pelo meu talento e aptidão. Eu também sou bom em desenho. Ganhei muitos concursos de desenho na minha escola. Agradeço imensamente aos meus pais, aos meus amigos da escola e ao meu querido professor por serem gentis e prestativos comigo.Simplicidade, sinceridade e amor não tem paralelo na vida humana. Aquele que possui tudo isso, nunca falha na vida. Um homem gentil, sincero e apaixonado é que presente precioso no rosto de um menino ou menina, um estudante, um filho, um pai, marido ou qualquer um.Ou seja, todas essas virtudes são necessárias para aprender desde a infância. Por isso, sempre valorizo ​​a sinceridade, a gentileza e a dedicação de propósito em minha vida. Isto é o que meus pais me ensinaram a manter o único objetivo em minha vida.'),
(35, 24, 'f57268e3c34742680622', ' Very Agreeable', 'Very Conscientious', 'Balanced', 'Very Extroverted', 'Somewhat Open', 8.11, 8.25, 7.04, 9.80, 5.82, 'Eu mesmo Cristina, vindo da área de linhas civis, Mumbai. Sou aluna da turma 6, da escola pública de Linhas Civis Modernas. Eu sou o único filho dos meus pais. Minha família inclui minha irmã meus pais e avô. Meu pai é engenheiro, enquanto minha mãe é uma boa dona de casa. Sendo o único filho da minha família, sou mais amado por todos. Eu sou homem magro, inteligente e bonito com personalidade atraente. Estou estudando em uma das melhores escolas da nossa área. Meus pais tornaram possível que eu aprendesse mais e fosse uma boa pessoa no futuro.Sou muito pontual em toda a minha aula. Sendo um aluno genial da minha classe, sou responsável por ajudar meus outros colegas de classe. Eu ajudo todos os meus colegas de classe com muita sinceridade e dedicação. Eu mesmo me sinto honrado por poder ajudar os outros. Minha escola não enfatiza apenas o conhecimento acadêmico. Em vez disso, somos ensinados a autodisciplina, confiança, sinceridade e dedicação ao propósito. Tenho grande interesse em ciências e matemática.Na verdade, ganhei 3 concursos de feiras de ciências em nossas escolas. Eu assisto filmes e documentários de ficção científica com grande interesse. Meu grande propósito na vida é ser cientista. Desejo servir a minha nação. Além do desempenho acadêmico, eu mesmo sou o bom cantor e jogador de críquete. Eu jogo críquete durante meu tempo livre com meus amigos. Além disso, também frequento aulas na academia nacional de dança para aprender a dançar.A vida é um grande presente. Essas pessoas são realmente sortudas que têm boa família, amigos e professores. Desde então, eles são fundamentais por trás do sucesso de cada homem neste mundo. Dessa forma, sinto-me muito sortudo e confiante por conseguir alcançar tudo.'),
(36, 25, '42c32fce0437416fa8d0', ' Agreeable', 'Very Conscientious', 'Balanced', 'Very Extroverted', 'Somewhat Open', 7.70, 8.63, 7.48, 9.80, 6.40, 'Vindo de uma família bem educada do centro da cidade, Curitiba, eu sou Pedro. Eu moro em linhas civis Calcutá. Estudo na 5ª turma de escola pública da cidade central de Curitiba. Meu pai é funcionário público enquanto minha mãe é chefe do hospital público de Curitiba. Eu tenho um irmão e uma irmã. Minha avó também nos vive. Somos como uma família feliz. Eu chego à escola no horário fixo.Nosso motorista deixa todos nós em nossas respectivas escolas. Minha irmã mais velha estuda no ensino médio, enquanto meu irmão mais velho estuda na faculdade. Eu amo minha escola. É como uma família para mim. Eu amo meus professores e meus colegas de classe. Somos ensinados da maneira mais cooperativa e gentil. É por isso que os alunos da minha escola sempre conseguem boas posições em exames e várias competições. Eu sou um falador ativo e representante da minha escola. Eu organizo minha aula e coordeno com os professores da escola. Também participo de atividades extracurriculares como canto, concursos de perguntas, dança, redação, discursos etc.Eu sempre fico nas primeiras posições na maioria das competições realizadas na escola. Nós participamos de todos os eventos nacionais na escola com grande entusiasmo. Além da minha vida estudantil, sou muito gentil e cooperativo filho de meus pais. No entanto, às vezes eu reajo com raiva quando as coisas não saem conforme o planejado.Mas aprendi a controlar gradualmente minhas emoções de raiva e medo. Estou muito interessado em artes e literatura. É por isso que sempre vou visitar muitos lugares históricos e eventos literários com meu tio. Eu entendo a vida como um dom precioso. Deve-se sempre gastá-lo com sabedoria. Aprendi com meus pais a ser honesto, direto, ousado e destemido em todas as situações. Eu estou orgulhoso disso.'),
(37, 26, 'db3791ac4e1e40a1ceb6', ' Very Agreeable', 'Very Conscientious', 'Balanced', 'Very Extroverted', 'Somewhat Open', 8.15, 9.13, 6.82, 9.21, 6.02, 'Natural da principal área da cidade, São José dos Pinhais, sou Mariane Almeida. Eu estudo na classe 4 em uma das melhores escolas da nossa cidade. O nome da minha escola é escola pública New Foundation. Minha escola fica a 20 minutos da minha casa. Meu pai me deixa na escola enquanto vai para seu escritório.Sou muito pontual e humilde. Eu cuido bem do meu tempo e tento não desperdiçá-lo. Sou muito sincero com meus amigos de classe. Na verdade, eu sou um dos alunos mais favoritos dos meus professores. Porque eu faço minha lição de casa na hora certa e tento aprender cada vez mais estudando muito.Além de ser o melhor em livros, participo de jogos escolares e outros eventos como canto, dança, concurso de perguntas e redação. Ganhei poucas medalhas em redação e competições esportivas realizadas na escola. Eu sou muito responsável e honesto em minha conduta pessoal também.Meus pais sempre me ensinaram a ser direta e ousada. É por isso que meus pais estão orgulhosos de mim sempre. Acredito que por trás do sucesso de qualquer homem há um grande papel de seus pais e de seus professores sinceros também. Eu mesmo me sinto sortudo nesse sentido, sendo socializado sob a sombra e orientação dos companheiros mais respeitados e amados.'),
(38, 27, 'd85b9b1d4a88a0024fc9', ' Agreeable', 'Very Conscientious', 'Sensitive', 'Very Extroverted', 'Somewhat Open', 7.82, 9.10, 5.30, 8.60, 5.27, 'Vindo de nova colônia de defesa, Pinhais, eu mesmo sou Daniel Pereira. Estudo na turma 3, em escola pública municipal, Pinhais. Minha escola fica a apenas 10 minutos da minha casa. Eu sou muito pontual. Preocupo-me com meu tempo, meu trabalho e minhas responsabilidades. Faço meu trabalho de casa com sinceridade e ajudo meus colegas de classe. Além disso, ajudo minha mãe em sua rotina diária de trabalho em casa.Eu gosto de cozinhar. Eu gosto de comer alimentos simples, mas saborosos. Eu jogo tênis de mesa com meu irmão mais velho em minha casa. Além disso, sou boa dançarina e doce cantora também. Gosto de trabalhar duro com dedicação e sinceridade. Eu me preparo melhor para todos os exames e tento ajudar meus amigos também. Acredito que se deve trabalhar duro para ter sucesso na vida.'),
(39, 28, 'a6932d454816452ba998', ' Very Agreeable', 'Conscientious', 'Somewhat Balanced', 'Very Extroverted', 'Somewhat Open', 9.92, 7.65, 6.58, 9.80, 5.08, 'Meu nome é Weverton. Venho de uma família bem conceituada de Piraquara. Estou estudando na classe 1. Minha mãe é dona de casa e meu pai é um médico famoso.Somos dois irmãos e uma irmã. Meu irmão mais velho estuda na 6ª classe e minha irmã mais velha estuda na 3ª classe. Todos estudamos na mesma escola. Meu hobby é desenhar. Tenho garantido muitos prêmios em concursos de desenho e pintura. Na verdade, sempre quis ser artista e pintor.Meu mais velho é o meu bom amigo. Ela me defende do meu lado em todos os lugares. Na verdade, todos nós, irmãos e irmãs, amamos uns aos outros. Eu valorizo, trabalho duro, dedicação e sinceridade na vida. Esses valores nos foram ensinados por nossos pais. Durante as férias de verão adoro ver e visitar os belos lugares dos meus amados países.Eu amo minha vida, minha escola e meu propósito e objetivo na vida. Quero fazer algo de bom pela minha comunidade e pelos homens do meu país. Quero dizer que a vida é um grande presente para algum propósito especial de Deus. Portanto, valorizo ​​o tempo em minha vida e me esforço muito para servir meu país e minha comunidade.'),
(40, 29, '2702ec9e119532dece8e', ' Very Agreeable', 'Very Conscientious', 'Very Balanced', 'Very Extroverted', 'Open', 9.76, 9.80, 8.66, 9.80, 6.56, 'Terminei recentemente meu bacharelado de 4 anos em Comércio Exterior e como pode ser visto em meu currículo, tenho exercido diversas atividades extracurriculares, inclusive um iniciação científica na área de Relações Internacionais do Mercosul que foi destaque na universidade.Tenho facilidade para pesquisas, sou uma pessoa comunicativa e adoro aprender novas tarefas, sempre visando trazer melhorias nas atividades em que atuo, acredito que o conhecimento que adquiri através do meu trabalho de curso, além do meu bom relacionamento com os colegas de república estudantil me tornam um candidato ideal para esta oportunidade.Estou interessado nesta posição, pois apela diretamente para a minha paixão por trabalhar com números e interesse para aprender, operando em um ambiente rápido. Estou confiante de que a minha paixão e entusiasmo pelo campo de logística, negociações e relações humanas pode trazer ainda mais benefícios para a empresa.Aguardo ansiosamente para uma entrevista, onde podemos ter uma discussão detalhada sobre a minha adequação para o cargo. Você pode me encontrar a qualquer momento durante o dia no celular. Obrigado pelo seu tempo e consideração.'),
(41, 30, '66e71f25b50b98bc2547', ' Agreeable', 'Conscientious', 'Somewhat Balanced', 'Very Extroverted', 'Somewhat Open', 6.94, 6.05, 6.12, 9.52, 5.30, 'Na pré-escola, as outras crianças me chamavam de \"Bolinha\" por causa da marca de nascença na minha bochecha. Lembro-me de chegar em casa chorando. Meu pai me contou todos os ditados usuais sobre \"paus e pedras\" e julgar um livro pela capa, mas foi outra coisa que ele disse que realmente me ajudou. Ele disse que as pessoas que entendem melhor os outros são aquelas que nem sempre foram capazes de se encaixar.Ainda tenho uma marca de nascença na bochecha, mas há muito tempo me sinto confortável com ela. Acho que aprendi cedo a me aceitar fisicamente, e isso tem sido muito útil ao longo da adolescência. Quando todo mundo estava se preocupando se tinham os sapatos, a bolsa ou a marca certa de jeans, eu gastei minha energia aprendendo sobre as pessoas.Meu quarto em casa é um grande símbolo de quem eu sou e do que é importante para mim. As paredes são simplesmente pintadas e decoradas com fotografias da minha família. Minhas estantes estão cheias de textos de psicologia e revistas de sociologia, e minha mesa está coberta de artigos de pesquisa.Eu sei que este não é o quarto de uma adolescente típica, mas estou muito animada para aprender mais sobre psicologia e como as outras pessoas pensam. Pretendo passar minha vida tentando entender as pessoas, e espero um dia ajudá-las em uma prática clínica própria');

-- --------------------------------------------------------

--
-- Estrutura para tabela `tb_category`
--

CREATE TABLE `tb_category` (
  `id_category` int(4) NOT NULL,
  `test` varchar(60) NOT NULL,
  `category` varchar(60) NOT NULL
) ENGINE=InnoDB DEFAULT CHARSET=utf8mb4;

--
-- Despejando dados para a tabela `tb_category`
--

INSERT INTO `tb_category` (`id_category`, `test`, `category`) VALUES
(1, 'Big Five', 'Extroversão'),
(2, 'Big Five', 'Amabilidade'),
(3, 'Big Five', 'Abertura a Experiências'),
(4, 'Big Five', 'Conscienciosidade'),
(5, 'Big Five', 'Neuroticismo');

-- --------------------------------------------------------

--
-- Estrutura para tabela `tb_test_questions`
--

CREATE TABLE `tb_test_questions` (
  `id_question` int(4) NOT NULL,
  `id_category` int(4) NOT NULL,
  `question` varchar(65) DEFAULT NULL
) ENGINE=InnoDB DEFAULT CHARSET=utf8;

--
-- Despejando dados para a tabela `tb_test_questions`
--

INSERT INTO `tb_test_questions` (`id_question`, `id_category`, `question`) VALUES
(1, 1, 'É conversador, comunicativo'),
(2, 2, 'Tende a ser crítico com os outros'),
(3, 4, 'É minucioso e detalhista no trabalho'),
(4, 5, 'É depressivo, triste'),
(5, 3, 'É original, tem sempre novas ideias'),
(6, 1, 'É reservado'),
(7, 2, 'É prestativo e ajuda os outros'),
(8, 4, 'Pode ser um tanto descuidado'),
(9, 5, 'É relaxado, controla bem o stress'),
(10, 3, 'É curioso sobre muitas coisas diferentes'),
(11, 1, 'É cheio de energia'),
(12, 2, 'Começa discussões, disputas, com os outros'),
(13, 4, 'É um trabalhador de confiança'),
(14, 5, 'Fica tenso com frequência'),
(15, 3, 'É engenhoso, alguém que gosta de analisar profundamente as coisas'),
(16, 1, 'Gera muito entusiasmo'),
(17, 2, 'Tem capacidade de perdoar, perdoa facilmente'),
(18, 4, 'Tende a ser desorganizado'),
(19, 5, 'Preocupa-se muito com tudo'),
(20, 3, 'Tem uma imaginação fértil'),
(21, 1, 'Tende a ser quieto, calado'),
(22, 2, 'É geralmente confiável'),
(23, 4, 'Tende a ser preguiçoso'),
(24, 5, 'É emocionalmente estável, não se altera facilmente'),
(25, 3, 'É inventivo, criativo'),
(26, 1, 'É assertivo, não teme expressar o que sente'),
(27, 2, 'Às vezes é frio e distante'),
(28, 4, 'Insiste até concluir a tarefa ou o trabalho'),
(29, 5, 'É temperamental, muda de humor facilmente'),
(30, 3, 'Valoriza o artístico, o estético'),
(31, 1, 'É, às vezes, tímido e inibido'),
(32, 2, 'É amável, tem consideração pelos outros'),
(33, 4, 'Faz as coisas com eficiência'),
(34, 5, 'Mantém-se calmo nas situações de tensão'),
(35, 3, 'Prefere trabalho rotineiro'),
(36, 1, 'É sociável, extrovertido'),
(37, 2, 'É, às vezes, rude (grosseiro) com os outros'),
(38, 4, 'Faz planos e segue-os à risca'),
(39, 5, 'Fica nervoso facilmente'),
(40, 3, 'Gosta de refletir, brincar com as ideias'),
(41, 3, 'Tem poucos interesses artísticos'),
(42, 2, 'Gosta de cooperar com os outros'),
(43, 4, 'É facilmente distraído'),
(44, 3, 'É sofisticado em artes, música ou literatura ');

-- --------------------------------------------------------

--
-- Estrutura para tabela `tb_test_result`
--

CREATE TABLE `tb_test_result` (
  `id_result` int(4) NOT NULL,
  `id_user` int(4) NOT NULL,
  `id_question` int(4) NOT NULL,
  `result` int(1) NOT NULL
) ENGINE=InnoDB DEFAULT CHARSET=utf8mb4;

--
-- Despejando dados para a tabela `tb_test_result`
--

INSERT INTO `tb_test_result` (`id_result`, `id_user`, `id_question`, `result`) VALUES
(380, 11, 1, 2),
(381, 11, 2, 4),
(382, 11, 3, 5),
(383, 11, 4, 1),
(384, 11, 5, 4),
(385, 11, 6, 4),
(386, 11, 7, 4),
(387, 11, 8, 3),
(388, 11, 9, 3),
(389, 11, 10, 5),
(390, 11, 11, 2),
(391, 11, 12, 1),
(392, 11, 13, 5),
(393, 11, 14, 2),
(394, 11, 15, 5),
(395, 11, 16, 2),
(396, 11, 17, 5),
(397, 11, 18, 2),
(398, 11, 19, 4),
(399, 11, 20, 2),
(400, 11, 21, 4),
(401, 11, 22, 3),
(402, 11, 23, 2),
(403, 11, 24, 4),
(404, 11, 25, 4),
(405, 11, 26, 2),
(406, 11, 27, 4),
(407, 11, 28, 5),
(408, 11, 29, 2),
(409, 11, 30, 5),
(410, 11, 31, 5),
(411, 11, 32, 5),
(412, 11, 33, 3),
(413, 11, 34, 5),
(414, 11, 35, 2),
(415, 11, 36, 2),
(416, 11, 37, 2),
(417, 11, 38, 3),
(418, 11, 39, 4),
(419, 11, 40, 4),
(420, 11, 41, 4),
(421, 11, 42, 4),
(422, 11, 43, 3),
(423, 11, 44, 2),
(424, 12, 1, 5),
(425, 12, 2, 2),
(426, 12, 3, 2),
(427, 12, 4, 2),
(428, 12, 5, 4),
(429, 12, 6, 4),
(430, 12, 7, 3),
(431, 12, 8, 4),
(432, 12, 9, 2),
(433, 12, 10, 4),
(434, 12, 11, 4),
(435, 12, 12, 4),
(436, 12, 13, 3),
(437, 12, 14, 2),
(438, 12, 15, 2),
(439, 12, 16, 4),
(440, 12, 17, 3),
(441, 12, 18, 4),
(442, 12, 19, 5),
(443, 12, 20, 5),
(444, 12, 21, 2),
(445, 12, 22, 4),
(446, 12, 23, 2),
(447, 12, 24, 2),
(448, 12, 25, 5),
(449, 12, 26, 4),
(450, 12, 27, 2),
(451, 12, 28, 2),
(452, 12, 29, 2),
(453, 12, 30, 5),
(454, 12, 31, 3),
(455, 12, 32, 3),
(456, 12, 33, 5),
(457, 12, 34, 2),
(458, 12, 35, 2),
(459, 12, 36, 5),
(460, 12, 37, 2),
(461, 12, 38, 4),
(462, 12, 39, 3),
(463, 12, 40, 5),
(464, 12, 41, 1),
(465, 12, 42, 4),
(466, 12, 43, 1),
(467, 12, 44, 5),
(468, 13, 1, 5),
(469, 13, 2, 2),
(470, 13, 3, 2),
(471, 13, 4, 4),
(472, 13, 5, 2),
(473, 13, 6, 4),
(474, 13, 7, 1),
(475, 13, 8, 4),
(476, 13, 9, 3),
(477, 13, 10, 4),
(478, 13, 11, 5),
(479, 13, 12, 5),
(480, 13, 13, 1),
(481, 13, 14, 5),
(482, 13, 15, 5),
(483, 13, 16, 5),
(484, 13, 17, 1),
(485, 13, 18, 5),
(486, 13, 19, 1),
(487, 13, 20, 1),
(488, 13, 21, 3),
(489, 13, 22, 1),
(490, 13, 23, 5),
(491, 13, 24, 4),
(492, 13, 25, 3),
(493, 13, 26, 5),
(494, 13, 27, 4),
(495, 13, 28, 5),
(496, 13, 29, 3),
(497, 13, 30, 2),
(498, 13, 31, 3),
(499, 13, 32, 4),
(500, 13, 33, 4),
(501, 13, 34, 4),
(502, 13, 35, 3),
(503, 13, 36, 4),
(504, 13, 37, 4),
(505, 13, 38, 5),
(506, 13, 39, 1),
(507, 13, 40, 1),
(508, 13, 41, 3),
(509, 13, 42, 3),
(510, 13, 43, 3),
(511, 13, 44, 1),
(512, 14, 1, 5),
(513, 14, 2, 3),
(514, 14, 3, 3),
(515, 14, 4, 3),
(516, 14, 5, 4),
(517, 14, 6, 1),
(518, 14, 7, 4),
(519, 14, 8, 4),
(520, 14, 9, 2),
(521, 14, 10, 5),
(522, 14, 11, 3),
(523, 14, 12, 5),
(524, 14, 13, 3),
(525, 14, 14, 5),
(526, 14, 15, 5),
(527, 14, 16, 5),
(528, 14, 17, 5),
(529, 14, 18, 2),
(530, 14, 19, 4),
(531, 14, 20, 2),
(532, 14, 21, 1),
(533, 14, 22, 3),
(534, 14, 23, 5),
(535, 14, 24, 2),
(536, 14, 25, 5),
(537, 14, 26, 5),
(538, 14, 27, 1),
(539, 14, 28, 3),
(540, 14, 29, 5),
(541, 14, 30, 3),
(542, 14, 31, 1),
(543, 14, 32, 5),
(544, 14, 33, 5),
(545, 14, 34, 5),
(546, 14, 35, 4),
(547, 14, 36, 5),
(548, 14, 37, 4),
(549, 14, 38, 5),
(550, 14, 39, 5),
(551, 14, 40, 2),
(552, 14, 41, 2),
(553, 14, 42, 3),
(554, 14, 43, 4),
(555, 14, 44, 1),
(556, 15, 1, 5),
(557, 15, 2, 1),
(558, 15, 3, 1),
(559, 15, 4, 1),
(560, 15, 5, 4),
(561, 15, 6, 1),
(562, 15, 7, 5),
(563, 15, 8, 5),
(564, 15, 9, 5),
(565, 15, 10, 3),
(566, 15, 11, 5),
(567, 15, 12, 4),
(568, 15, 13, 1),
(569, 15, 14, 2),
(570, 15, 15, 3),
(571, 15, 16, 4),
(572, 15, 17, 3),
(573, 15, 18, 5),
(574, 15, 19, 2),
(575, 15, 20, 4),
(576, 15, 21, 2),
(577, 15, 22, 3),
(578, 15, 23, 5),
(579, 15, 24, 5),
(580, 15, 25, 4),
(581, 15, 26, 4),
(582, 15, 27, 5),
(583, 15, 28, 2),
(584, 15, 29, 5),
(585, 15, 30, 4),
(586, 15, 31, 1),
(587, 15, 32, 1),
(588, 15, 33, 1),
(589, 15, 34, 1),
(590, 15, 35, 1),
(591, 15, 36, 5),
(592, 15, 37, 5),
(593, 15, 38, 5),
(594, 15, 39, 4),
(595, 15, 40, 5),
(596, 15, 41, 1),
(597, 15, 42, 3),
(598, 15, 43, 1),
(599, 15, 44, 1),
(600, 16, 1, 4),
(601, 16, 2, 1),
(602, 16, 3, 1),
(603, 16, 4, 5),
(604, 16, 5, 1),
(605, 16, 6, 4),
(606, 16, 7, 4),
(607, 16, 8, 1),
(608, 16, 9, 1),
(609, 16, 10, 1),
(610, 16, 11, 3),
(611, 16, 12, 4),
(612, 16, 13, 4),
(613, 16, 14, 1),
(614, 16, 15, 1),
(615, 16, 16, 1),
(616, 16, 17, 3),
(617, 16, 18, 3),
(618, 16, 19, 2),
(619, 16, 20, 1),
(620, 16, 21, 1),
(621, 16, 22, 1),
(622, 16, 23, 1),
(623, 16, 24, 1),
(624, 16, 25, 1),
(625, 16, 26, 4),
(626, 16, 27, 1),
(627, 16, 28, 1),
(628, 16, 29, 5),
(629, 16, 30, 2),
(630, 16, 31, 4),
(631, 16, 32, 5),
(632, 16, 33, 5),
(633, 16, 34, 5),
(634, 16, 35, 2),
(635, 16, 36, 1),
(636, 16, 37, 1),
(637, 16, 38, 4),
(638, 16, 39, 5),
(639, 16, 40, 5),
(640, 16, 41, 5),
(641, 16, 42, 5),
(642, 16, 43, 4),
(643, 16, 44, 5),
(644, 17, 1, 5),
(645, 17, 2, 3),
(646, 17, 3, 3),
(647, 17, 4, 5),
(648, 17, 5, 4),
(649, 17, 6, 2),
(650, 17, 7, 5),
(651, 17, 8, 5),
(652, 17, 9, 3),
(653, 17, 10, 5),
(654, 17, 11, 4),
(655, 17, 12, 5),
(656, 17, 13, 4),
(657, 17, 14, 5),
(658, 17, 15, 4),
(659, 17, 16, 5),
(660, 17, 17, 4),
(661, 17, 18, 2),
(662, 17, 19, 5),
(663, 17, 20, 3),
(664, 17, 21, 5),
(665, 17, 22, 4),
(666, 17, 23, 3),
(667, 17, 24, 4),
(668, 17, 25, 5),
(669, 17, 26, 3),
(670, 17, 27, 5),
(671, 17, 28, 5),
(672, 17, 29, 4),
(673, 17, 30, 3),
(674, 17, 31, 5),
(675, 17, 32, 3),
(676, 17, 33, 2),
(677, 17, 34, 5),
(678, 17, 35, 3),
(679, 17, 36, 3),
(680, 17, 37, 4),
(681, 17, 38, 3),
(682, 17, 39, 3),
(683, 17, 40, 5),
(684, 17, 41, 4),
(685, 17, 42, 4),
(686, 17, 43, 3),
(687, 17, 44, 1),
(688, 18, 1, 4),
(689, 18, 2, 1),
(690, 18, 3, 2),
(691, 18, 4, 3),
(692, 18, 5, 4),
(693, 18, 6, 5),
(694, 18, 7, 1),
(695, 18, 8, 2),
(696, 18, 9, 3),
(697, 18, 10, 4),
(698, 18, 11, 5),
(699, 18, 12, 1),
(700, 18, 13, 2),
(701, 18, 14, 3),
(702, 18, 15, 4),
(703, 18, 16, 5),
(704, 18, 17, 5),
(705, 18, 18, 4),
(706, 18, 19, 3),
(707, 18, 20, 2),
(708, 18, 21, 1),
(709, 18, 22, 1),
(710, 18, 23, 2),
(711, 18, 24, 3),
(712, 18, 25, 4),
(713, 18, 26, 5),
(714, 18, 27, 1),
(715, 18, 28, 1),
(716, 18, 29, 2),
(717, 18, 30, 3),
(718, 18, 31, 4),
(719, 18, 32, 5),
(720, 18, 33, 1),
(721, 18, 34, 2),
(722, 18, 35, 3),
(723, 18, 36, 4),
(724, 18, 37, 5),
(725, 18, 38, 1),
(726, 18, 39, 2),
(727, 18, 40, 3),
(728, 18, 41, 4),
(729, 18, 42, 5),
(730, 18, 43, 1),
(731, 18, 44, 1),
(732, 19, 1, 1),
(733, 19, 2, 2),
(734, 19, 3, 3),
(735, 19, 4, 4),
(736, 19, 5, 5),
(737, 19, 6, 5),
(738, 19, 7, 4),
(739, 19, 8, 3),
(740, 19, 9, 2),
(741, 19, 10, 1),
(742, 19, 11, 1),
(743, 19, 12, 2),
(744, 19, 13, 3),
(745, 19, 14, 4),
(746, 19, 15, 5),
(747, 19, 16, 1),
(748, 19, 17, 2),
(749, 19, 18, 3),
(750, 19, 19, 4),
(751, 19, 20, 5),
(752, 19, 21, 1),
(753, 19, 22, 2),
(754, 19, 23, 3),
(755, 19, 24, 4),
(756, 19, 25, 5),
(757, 19, 26, 1),
(758, 19, 27, 2),
(759, 19, 28, 3),
(760, 19, 29, 4),
(761, 19, 30, 5),
(762, 19, 31, 1),
(763, 19, 32, 2),
(764, 19, 33, 3),
(765, 19, 34, 4),
(766, 19, 35, 5),
(767, 19, 36, 1),
(768, 19, 37, 2),
(769, 19, 38, 3),
(770, 19, 39, 4),
(771, 19, 40, 5),
(772, 19, 41, 1),
(773, 19, 42, 2),
(774, 19, 43, 3),
(775, 19, 44, 3),
(776, 20, 1, 5),
(777, 20, 2, 2),
(778, 20, 3, 2),
(779, 20, 4, 2),
(780, 20, 5, 5),
(781, 20, 6, 1),
(782, 20, 7, 5),
(783, 20, 8, 1),
(784, 20, 9, 4),
(785, 20, 10, 1),
(786, 20, 11, 2),
(787, 20, 12, 3),
(788, 20, 13, 4),
(789, 20, 14, 5),
(790, 20, 15, 1),
(791, 20, 16, 2),
(792, 20, 17, 3),
(793, 20, 18, 4),
(794, 20, 19, 5),
(795, 20, 20, 1),
(796, 20, 21, 1),
(797, 20, 22, 2),
(798, 20, 23, 3),
(799, 20, 24, 4),
(800, 20, 25, 5),
(801, 20, 26, 1),
(802, 20, 27, 1),
(803, 20, 28, 2),
(804, 20, 29, 3),
(805, 20, 30, 4),
(806, 20, 31, 5),
(807, 20, 32, 1),
(808, 20, 33, 2),
(809, 20, 34, 3),
(810, 20, 35, 4),
(811, 20, 36, 5),
(812, 20, 37, 1),
(813, 20, 38, 2),
(814, 20, 39, 3),
(815, 20, 40, 4),
(816, 20, 41, 5),
(817, 20, 42, 1),
(818, 20, 43, 2),
(819, 20, 44, 3),
(820, 21, 1, 5),
(821, 21, 2, 2),
(822, 21, 3, 3),
(823, 21, 4, 1),
(824, 21, 5, 2),
(825, 21, 6, 3),
(826, 21, 7, 3),
(827, 21, 8, 2),
(828, 21, 9, 1),
(829, 21, 10, 2),
(830, 21, 11, 2),
(831, 21, 12, 4),
(832, 21, 13, 5),
(833, 21, 14, 1),
(834, 21, 15, 2),
(835, 21, 16, 3),
(836, 21, 17, 4),
(837, 21, 18, 5),
(838, 21, 19, 1),
(839, 21, 20, 2),
(840, 21, 21, 3),
(841, 21, 22, 4),
(842, 21, 23, 5),
(843, 21, 24, 1),
(844, 21, 25, 2),
(845, 21, 26, 3),
(846, 21, 27, 4),
(847, 21, 28, 5),
(848, 21, 29, 1),
(849, 21, 30, 2),
(850, 21, 31, 3),
(851, 21, 32, 1),
(852, 21, 33, 2),
(853, 21, 34, 3),
(854, 21, 35, 1),
(855, 21, 36, 2),
(856, 21, 37, 3),
(857, 21, 38, 1),
(858, 21, 39, 2),
(859, 21, 40, 3),
(860, 21, 41, 1),
(861, 21, 42, 2),
(862, 21, 43, 3),
(863, 21, 44, 5),
(864, 22, 1, 1),
(865, 22, 2, 2),
(866, 22, 3, 3),
(867, 22, 4, 4),
(868, 22, 5, 5),
(869, 22, 6, 1),
(870, 22, 7, 2),
(871, 22, 8, 3),
(872, 22, 9, 4),
(873, 22, 10, 5),
(874, 22, 11, 1),
(875, 22, 12, 2),
(876, 22, 13, 3),
(877, 22, 14, 4),
(878, 22, 15, 5),
(879, 22, 16, 4),
(880, 22, 17, 2),
(881, 22, 18, 2),
(882, 22, 19, 3),
(883, 22, 20, 2),
(884, 22, 21, 2),
(885, 22, 22, 1),
(886, 22, 23, 5),
(887, 22, 24, 3),
(888, 22, 25, 1),
(889, 22, 26, 1),
(890, 22, 27, 1),
(891, 22, 28, 5),
(892, 22, 29, 2),
(893, 22, 30, 5),
(894, 22, 31, 1),
(895, 22, 32, 1),
(896, 22, 33, 5),
(897, 22, 34, 1),
(898, 22, 35, 1),
(899, 22, 36, 5),
(900, 22, 37, 4),
(901, 22, 38, 5),
(902, 22, 39, 1),
(903, 22, 40, 1),
(904, 22, 41, 1),
(905, 22, 42, 5),
(906, 22, 43, 1),
(907, 22, 44, 2),
(908, 23, 1, 5),
(909, 23, 2, 4),
(910, 23, 3, 3),
(911, 23, 4, 2),
(912, 23, 5, 1),
(913, 23, 6, 2),
(914, 23, 7, 3),
(915, 23, 8, 4),
(916, 23, 9, 5),
(917, 23, 10, 5),
(918, 23, 11, 4),
(919, 23, 12, 3),
(920, 23, 13, 2),
(921, 23, 14, 1),
(922, 23, 15, 2),
(923, 23, 16, 3),
(924, 23, 17, 4),
(925, 23, 18, 5),
(926, 23, 19, 1),
(927, 23, 20, 2),
(928, 23, 21, 3),
(929, 23, 22, 4),
(930, 23, 23, 5),
(931, 23, 24, 1),
(932, 23, 25, 2),
(933, 23, 26, 3),
(934, 23, 27, 4),
(935, 23, 28, 5),
(936, 23, 29, 1),
(937, 23, 30, 2),
(938, 23, 31, 3),
(939, 23, 32, 4),
(940, 23, 33, 5),
(941, 23, 34, 4),
(942, 23, 35, 3),
(943, 23, 36, 2),
(944, 23, 37, 1),
(945, 23, 38, 2),
(946, 23, 39, 3),
(947, 23, 40, 4),
(948, 23, 41, 5),
(949, 23, 42, 4),
(950, 23, 43, 3),
(951, 23, 44, 2),
(952, 24, 1, 5),
(953, 24, 2, 4),
(954, 24, 3, 3),
(955, 24, 4, 2),
(956, 24, 5, 1),
(957, 24, 6, 2),
(958, 24, 7, 3),
(959, 24, 8, 4),
(960, 24, 9, 5),
(961, 24, 10, 4),
(962, 24, 11, 3),
(963, 24, 12, 2),
(964, 24, 13, 1),
(965, 24, 14, 5),
(966, 24, 15, 2),
(967, 24, 16, 3),
(968, 24, 17, 4),
(969, 24, 18, 5),
(970, 24, 19, 1),
(971, 24, 20, 2),
(972, 24, 21, 3),
(973, 24, 22, 4),
(974, 24, 23, 5),
(975, 24, 24, 5),
(976, 24, 25, 1),
(977, 24, 26, 2),
(978, 24, 27, 3),
(979, 24, 28, 4),
(980, 24, 29, 5),
(981, 24, 30, 1),
(982, 24, 31, 2),
(983, 24, 32, 1),
(984, 24, 33, 3),
(985, 24, 34, 4),
(986, 24, 35, 5),
(987, 24, 36, 1),
(988, 24, 37, 2),
(989, 24, 38, 3),
(990, 24, 39, 5),
(991, 24, 40, 1),
(992, 24, 41, 2),
(993, 24, 42, 4),
(994, 24, 43, 3),
(995, 24, 44, 1),
(996, 25, 1, 5),
(997, 25, 2, 3),
(998, 25, 3, 4),
(999, 25, 4, 5),
(1000, 25, 5, 1),
(1001, 25, 6, 2),
(1002, 25, 7, 3),
(1003, 25, 8, 4),
(1004, 25, 9, 5),
(1005, 25, 10, 2),
(1006, 25, 11, 2),
(1007, 25, 12, 3),
(1008, 25, 13, 4),
(1009, 25, 14, 5),
(1010, 25, 15, 1),
(1011, 25, 16, 1),
(1012, 25, 17, 1),
(1013, 25, 18, 4),
(1014, 25, 19, 4),
(1015, 25, 20, 5),
(1016, 25, 21, 1),
(1017, 25, 22, 1),
(1018, 25, 23, 3),
(1019, 25, 24, 5),
(1020, 25, 25, 5),
(1021, 25, 26, 1),
(1022, 25, 27, 3),
(1023, 25, 28, 5),
(1024, 25, 29, 4),
(1025, 25, 30, 1),
(1026, 25, 31, 2),
(1027, 25, 32, 5),
(1028, 25, 33, 5),
(1029, 25, 34, 2),
(1030, 25, 35, 1),
(1031, 25, 36, 5),
(1032, 25, 37, 5),
(1033, 25, 38, 5),
(1034, 25, 39, 3),
(1035, 25, 40, 1),
(1036, 25, 41, 1),
(1037, 25, 42, 5),
(1038, 25, 43, 1),
(1039, 25, 44, 5),
(1040, 26, 1, 5),
(1041, 26, 2, 3),
(1042, 26, 3, 5),
(1043, 26, 4, 1),
(1044, 26, 5, 1),
(1045, 26, 6, 5),
(1046, 26, 7, 1),
(1047, 26, 8, 2),
(1048, 26, 9, 5),
(1049, 26, 10, 3),
(1050, 26, 11, 1),
(1051, 26, 12, 1),
(1052, 26, 13, 5),
(1053, 26, 14, 5),
(1054, 26, 15, 1),
(1055, 26, 16, 5),
(1056, 26, 17, 3),
(1057, 26, 18, 5),
(1058, 26, 19, 1),
(1059, 26, 20, 5),
(1060, 26, 21, 2),
(1061, 26, 22, 4),
(1062, 26, 23, 5),
(1063, 26, 24, 3),
(1064, 26, 25, 3),
(1065, 26, 26, 1),
(1066, 26, 27, 1),
(1067, 26, 28, 3),
(1068, 26, 29, 5),
(1069, 26, 30, 5),
(1070, 26, 31, 2),
(1071, 26, 32, 1),
(1072, 26, 33, 5),
(1073, 26, 34, 5),
(1074, 26, 35, 4),
(1075, 26, 36, 5),
(1076, 26, 37, 1),
(1077, 26, 38, 2),
(1078, 26, 39, 5),
(1079, 26, 40, 5),
(1080, 26, 41, 5),
(1081, 26, 42, 1),
(1082, 26, 43, 4),
(1083, 26, 44, 1),
(1084, 27, 1, 2),
(1085, 27, 2, 3),
(1086, 27, 3, 5),
(1087, 27, 4, 5),
(1088, 27, 5, 4),
(1089, 27, 6, 3),
(1090, 27, 7, 2),
(1091, 27, 8, 1),
(1092, 27, 9, 2),
(1093, 27, 10, 3),
(1094, 27, 11, 4),
(1095, 27, 12, 5),
(1096, 27, 13, 5),
(1097, 27, 14, 1),
(1098, 27, 15, 4),
(1099, 27, 16, 5),
(1100, 27, 17, 5),
(1101, 27, 18, 3),
(1102, 27, 19, 3),
(1103, 27, 20, 2),
(1104, 27, 21, 4),
(1105, 27, 22, 4),
(1106, 27, 23, 2),
(1107, 27, 24, 1),
(1108, 27, 25, 2),
(1109, 27, 26, 3),
(1110, 27, 27, 5),
(1111, 27, 28, 5),
(1112, 27, 29, 3),
(1113, 27, 30, 3),
(1114, 27, 31, 1),
(1115, 27, 32, 1),
(1116, 27, 33, 5),
(1117, 27, 34, 4),
(1118, 27, 35, 1),
(1119, 27, 36, 1),
(1120, 27, 37, 2),
(1121, 27, 38, 5),
(1122, 27, 39, 3),
(1123, 27, 40, 1),
(1124, 27, 41, 5),
(1125, 27, 42, 1),
(1126, 27, 43, 1),
(1127, 27, 44, 5),
(1128, 28, 1, 4),
(1129, 28, 2, 2),
(1130, 28, 3, 3),
(1131, 28, 4, 5),
(1132, 28, 5, 2),
(1133, 28, 6, 5),
(1134, 28, 7, 5),
(1135, 28, 8, 4),
(1136, 28, 9, 1),
(1137, 28, 10, 3),
(1138, 28, 11, 5),
(1139, 28, 12, 1),
(1140, 28, 13, 5),
(1141, 28, 14, 1),
(1142, 28, 15, 5),
(1143, 28, 16, 4),
(1144, 28, 17, 3),
(1145, 28, 18, 1),
(1146, 28, 19, 3),
(1147, 28, 20, 4),
(1148, 28, 21, 5),
(1149, 28, 22, 4),
(1150, 28, 23, 1),
(1151, 28, 24, 3),
(1152, 28, 25, 5),
(1153, 28, 26, 5),
(1154, 28, 27, 3),
(1155, 28, 28, 1),
(1156, 28, 29, 3),
(1157, 28, 30, 1),
(1158, 28, 31, 5),
(1159, 28, 32, 2),
(1160, 28, 33, 3),
(1161, 28, 34, 1),
(1162, 28, 35, 5),
(1163, 28, 36, 1),
(1164, 28, 37, 2),
(1165, 28, 38, 5),
(1166, 28, 39, 4),
(1167, 28, 40, 5),
(1168, 28, 41, 2),
(1169, 28, 42, 4),
(1170, 28, 43, 5),
(1171, 28, 44, 5),
(1172, 29, 1, 2),
(1173, 29, 2, 4),
(1174, 29, 3, 3),
(1175, 29, 4, 1),
(1176, 29, 5, 5),
(1177, 29, 6, 4),
(1178, 29, 7, 1),
(1179, 29, 8, 5),
(1180, 29, 9, 5),
(1181, 29, 10, 2),
(1182, 29, 11, 3),
(1183, 29, 12, 5),
(1184, 29, 13, 1),
(1185, 29, 14, 4),
(1186, 29, 15, 5),
(1187, 29, 16, 1),
(1188, 29, 17, 5),
(1189, 29, 18, 4),
(1190, 29, 19, 5),
(1191, 29, 20, 1),
(1192, 29, 21, 5),
(1193, 29, 22, 5),
(1194, 29, 23, 3),
(1195, 29, 24, 4),
(1196, 29, 25, 5),
(1197, 29, 26, 3),
(1198, 29, 27, 5),
(1199, 29, 28, 2),
(1200, 29, 29, 5),
(1201, 29, 30, 5),
(1202, 29, 31, 1),
(1203, 29, 32, 4),
(1204, 29, 33, 4),
(1205, 29, 34, 5),
(1206, 29, 35, 1),
(1207, 29, 36, 4),
(1208, 29, 37, 2),
(1209, 29, 38, 5),
(1210, 29, 39, 3),
(1211, 29, 40, 1),
(1212, 29, 41, 2),
(1213, 29, 42, 1),
(1214, 29, 43, 1),
(1215, 29, 44, 5),
(1216, 30, 1, 5),
(1217, 30, 2, 4),
(1218, 30, 3, 2),
(1219, 30, 4, 4),
(1220, 30, 5, 1),
(1221, 30, 6, 1),
(1222, 30, 7, 5),
(1223, 30, 8, 4),
(1224, 30, 9, 5),
(1225, 30, 10, 4),
(1226, 30, 11, 3),
(1227, 30, 12, 2),
(1228, 30, 13, 5),
(1229, 30, 14, 1),
(1230, 30, 15, 5),
(1231, 30, 16, 5),
(1232, 30, 17, 3),
(1233, 30, 18, 5),
(1234, 30, 19, 1),
(1235, 30, 20, 3),
(1236, 30, 21, 3),
(1237, 30, 22, 5),
(1238, 30, 23, 5),
(1239, 30, 24, 1),
(1240, 30, 25, 2),
(1241, 30, 26, 5),
(1242, 30, 27, 5),
(1243, 30, 28, 4),
(1244, 30, 29, 4),
(1245, 30, 30, 2),
(1246, 30, 31, 5),
(1247, 30, 32, 5),
(1248, 30, 33, 5),
(1249, 30, 34, 4),
(1250, 30, 35, 1),
(1251, 30, 36, 4),
(1252, 30, 37, 3),
(1253, 30, 38, 5),
(1254, 30, 39, 4),
(1255, 30, 40, 5),
(1256, 30, 41, 3),
(1257, 30, 42, 2),
(1258, 30, 43, 1),
(1259, 30, 44, 5);

-- --------------------------------------------------------

--
-- Estrutura para tabela `tb_users`
--

CREATE TABLE `tb_users` (
  `id_user` int(4) NOT NULL,
  `name` varchar(255) NOT NULL,
  `email` varchar(255) NOT NULL,
  `password` varchar(255) NOT NULL,
  `profile` varchar(255) NOT NULL
) ENGINE=InnoDB DEFAULT CHARSET=utf8mb4;

--
-- Despejando dados para a tabela `tb_users`
--

INSERT INTO `tb_users` (`id_user`, `name`, `email`, `password`, `profile`) VALUES
(11, 'Bianca Moraes', 'bianca.moraes2022@gmail.com', 'a74ae896253d2411243ba29c4743b0ae', 'Entrevistado/Orientado'),
(12, 'Ricardo Gomes', 'ricardo.gomes@gmail.com', '11f4ae7086a736176714952423feaf13', 'Entrevistado/Orientado'),
(13, 'Gustavo Barbosa', 'gustavo.barbosa@gmail.com', '0f6ca4f2efdf86efe56250746e9e32d5', 'Entrevistado/Orientado'),
(14, 'Debora Souza', 'debora.souza@gmail.com', '208a1db9f6167b5d47c36b328ead7072', 'Entrevistado/Orientado'),
(15, 'Samuel Pereira', 'samuel.pereira@gmail.com', 'be07152f941411ce8bf4d2e3b60e4021', 'Entrevistado/Orientado'),
(16, 'Thais Batista', 'thais.batista@gmail.com', '20534e1b9427fac7811f733a62b9ccbd', 'Entrevistado/Orientado'),
(17, 'Kathia Cardoso', 'kathia.cardoso@gmail.com', '77fd1cff4e6c74359b34b2464375a3a0', 'Entrevistado/Orientado'),
(18, 'Patrick Duarte', 'patrick.duarte@gmail.com', '0e094e78d6c754939c6cae0ad06a1e38', 'Entrevistado/Orientado'),
(19, 'Mario Gomes', 'mario.gomes@gmail.com', '9712a381373259fad0f8c480d2e51ef4', 'Entrevistado/Orientado'),
(20, 'João Paulo', 'joao.paulo@gmail.com', 'fb9c8f645dadb9552071bbb8ead27a94', 'Entrevistado/Orientado'),
(21, 'Cristiane Peres', 'cristiane.peres@gmail.com', '954e6cca5ad453054c4f8232cf0f69fd', 'Entrevistado/Orientado'),
(22, 'Alex Machado', 'alex.machado@gmail.com', '0b5e81650b9d8015a3a8033f955814ff', 'Entrevistado/Orientado'),
(23, 'Kauane Boschen', 'kauane.boschen@gmail.com', 'b8fd072995a612c8f4d6a8f9122f91e6', 'Entrevistado/Orientado'),
(24, 'Cristina Nunes', 'cristina.nunes@gmail.com', 'f9b061085b69e6b18c32c0eb17126d0c', 'Entrevistado/Orientado'),
(25, 'Pedro Lopes', 'pedro.lopes@gmail.com', 'f7ff901209845104fe4d572fc99632f0', 'Entrevistado/Orientado'),
(26, 'Mariane Almeida', 'mariane.almeida@gmail.com', 'cad2cdd46bb7d14230302150fda19042', 'Entrevistado/Orientado'),
(27, 'Daniel Pereira', 'daniel.pereira@gmail.com', '21c19cb59c43a2393f514bc97af5c503', 'Entrevistado/Orientado'),
(28, 'Weverton dos Santos', 'weverton.santos@gmail.com', '6debad21f21c3b03e80cad25c7ec81bd', 'Entrevistado/Orientado'),
(29, 'Alef Santana', 'alef.santana@gmail.com', '33bdd3500110c8acaab37563cf7fff3e', 'Entrevistado/Orientado'),
(30, 'Kate Rosa', 'kate.rosa@gmail.com', '42c9e289fa6f954687e45b6009abda21', 'Entrevistado/Orientado');

--
-- Índices para tabelas despejadas
--

--
-- Índices de tabela `tb_analysis_text`
--
ALTER TABLE `tb_analysis_text`
  ADD PRIMARY KEY (`id_analysys_text`),
  ADD KEY `fk_id_user_analysis` (`id_user`);

--
-- Índices de tabela `tb_category`
--
ALTER TABLE `tb_category`
  ADD PRIMARY KEY (`id_category`);

--
-- Índices de tabela `tb_test_questions`
--
ALTER TABLE `tb_test_questions`
  ADD PRIMARY KEY (`id_question`),
  ADD KEY `fk_id_category` (`id_category`);

--
-- Índices de tabela `tb_test_result`
--
ALTER TABLE `tb_test_result`
  ADD PRIMARY KEY (`id_result`),
  ADD KEY `fk_id_user` (`id_user`),
  ADD KEY `fk_id_question` (`id_question`);

--
-- Índices de tabela `tb_users`
--
ALTER TABLE `tb_users`
  ADD PRIMARY KEY (`id_user`);

--
-- AUTO_INCREMENT para tabelas despejadas
--

--
-- AUTO_INCREMENT de tabela `tb_analysis_text`
--
ALTER TABLE `tb_analysis_text`
  MODIFY `id_analysys_text` int(4) NOT NULL AUTO_INCREMENT, AUTO_INCREMENT=42;

--
-- AUTO_INCREMENT de tabela `tb_category`
--
ALTER TABLE `tb_category`
  MODIFY `id_category` int(4) NOT NULL AUTO_INCREMENT, AUTO_INCREMENT=6;

--
-- AUTO_INCREMENT de tabela `tb_test_questions`
--
ALTER TABLE `tb_test_questions`
  MODIFY `id_question` int(4) NOT NULL AUTO_INCREMENT, AUTO_INCREMENT=45;

--
-- AUTO_INCREMENT de tabela `tb_test_result`
--
ALTER TABLE `tb_test_result`
  MODIFY `id_result` int(4) NOT NULL AUTO_INCREMENT, AUTO_INCREMENT=1260;

--
-- AUTO_INCREMENT de tabela `tb_users`
--
ALTER TABLE `tb_users`
  MODIFY `id_user` int(4) NOT NULL AUTO_INCREMENT, AUTO_INCREMENT=31;

--
-- Restrições para tabelas despejadas
--

--
-- Restrições para tabelas `tb_analysis_text`
--
ALTER TABLE `tb_analysis_text`
  ADD CONSTRAINT `fk_id_user_analysis` FOREIGN KEY (`id_user`) REFERENCES `tb_users` (`id_user`);

--
-- Restrições para tabelas `tb_test_questions`
--
ALTER TABLE `tb_test_questions`
  ADD CONSTRAINT `fk_id_category` FOREIGN KEY (`id_category`) REFERENCES `tb_category` (`id_category`);

--
-- Restrições para tabelas `tb_test_result`
--
ALTER TABLE `tb_test_result`
  ADD CONSTRAINT `fk_id_question` FOREIGN KEY (`id_question`) REFERENCES `tb_test_questions` (`id_question`),
  ADD CONSTRAINT `fk_id_user` FOREIGN KEY (`id_user`) REFERENCES `tb_users` (`id_user`);
COMMIT;

/*!40101 SET CHARACTER_SET_CLIENT=@OLD_CHARACTER_SET_CLIENT */;
/*!40101 SET CHARACTER_SET_RESULTS=@OLD_CHARACTER_SET_RESULTS */;
/*!40101 SET COLLATION_CONNECTION=@OLD_COLLATION_CONNECTION */;
